SKU,Name,Options,Categories,Parent Product SKU,Price,Sale Price,Currency,Description,Track Inventory,QTY,Backorder,Hidden,Image URL
XHR-DLP-II-XP,Xhorse Dolphin II XP-005L XP005L Automatic Portable Key Cutting Machine with Adjustable Screen and Built-in Battery,,,,"$2,300.00 ","$1,950.00 ",USD,"Xhorse Dolphin II XP-005L Automatic Key Cutting Machine  Xhorse Dolphin XP-005L is Dolphin II key cutting machine, which is  smarter and safer than XP-005, Xhorse Dolphin XP-005L is with HD Touch  Screen,compact design,light weight which make it protable, easy to take  it outside. It's build-in massive vehicle database covers over 100 car  brands, 2,000 car modsls and 20,000 key data, support upgrade online via  WiFi which make it powerful and professional. Xhorse Dolphin XP-005L  also support multi-purpose Clamps. Use with Xhorse APP, you can control  the machine by smartphone. Compared with XP-005, What's the Update of XP-005L? Hardware: 1. Dolphin XP-005L has an angle-adjustable 5-inch capacitive touch  screen. Users can directly complete the operation on the screen. 2. Dolphin XP-005L with transparent shield enables users to check the real-time working status. 3. Dolphin XP-005L is equipped with Innovative colorful indicator lights. 4. Dolphin XP-005L weights 13KG only, easy to carry. Dolphin II XP-005L Software Overview: ▪Supporting self-calibration ▪Supporting key duplication and cutting for vehicle keys ▪Supporting universal key decode for multiple key types ▪Operation on APP through Bluetooth ▪Build-in key database Xhorse Dolphin XP-005L Highlights: HD Touch Screen Users can directly complete operation on the screen. High definition  screen minimizes eye fatigue.The machine adopts an angle-adjustable  5-lnch capacitive touch screen. You can set the angle of the screen  based on actual needs. Massive Vehicle Database Built-in powerful database covers over 100 car brands, 2,000 car modsls  and 20,000 key data Accurate key data, detailed parameters, and clear  key graphics. We provide a lifelong database upgrade service for free. Transparent Protective Shield The transparent shield enables users to check the real-time working status white preventing metal debris from spattering. Innovative Colorful Indicator Lights The indicator light changes color with the change of real-time working status. Portable Solution Thanks to its compact design, light weight, much easier to take it outside and provide users outdoor and roadside services. Built-in well-known lithium battery, stable and reliable, support cutting works without power supply access. Manufacture Craftsmanship All-aluminum body structure; Manufactured by Gennan-made DMG CNC machine  to guarantee high precision cutting results. The fnfehed keys passed  the rigorous testing of the Optical Instrument. A wider workbench, strong and steady, make your works more productive.Maintain excellent performance even under extreme weather. Support Bluetooth and WiFi Support directly upgrade online via WiFi connection. Control the machine by Xhorse APP on your smartphone or other Intelligent terminals via Bluetooth. Multi-purpose Clamps A wide duplication availability guaranteed by a variety of functional  clamps, support multiple key types, standard single sided, standard  double sided, 2 track external, 4 track external, dimple, channel track,  4 track Internal, F021 & Citroen SX9 keys, residential keys, etc. Clamp M5 is included in default package, Clamp M3, Clamp M4 is optional. Xhorse Dolphin XP-005L Device Overview Xhorse Dolphin XP-005L Specification Xhorse Dolphin XP-005L Package",TRUE,10,FALSE,FALSE,https://img1.wsimg.com/isteam/ip/4000732a-f94c-4a6b-af0e-3bed8608d9b9/21112216375724704443.jpg;https://img1.wsimg.com/isteam/ip/4000732a-f94c-4a6b-af0e-3bed8608d9b9/21112216375724677695.jpg;https://img1.wsimg.com/isteam/ip/4000732a-f94c-4a6b-af0e-3bed8608d9b9/21112216375724703119.jpg;https://img1.wsimg.com/isteam/ip/4000732a-f94c-4a6b-af0e-3bed8608d9b9/21112216375724684048.jpg
200-201-D-4,2008-2012 Audi / 4-Button Smart Key / PN: 8T0959754A / IYZFBSB802 / 315 MHz (AFTERMARKET),,Categories;Featured Products,,$23.00 ,$19.00 ,USD,Compatible with the following: 2009 - 2012 Audi A4 2008 - 2012 Audi A5 Cabriolet 2009 - 2012 Audi S4 Avant 2008 - 2012 Audi S5 Coupe 2009 - 2012 Audi Q5 2.0L This key is for Slot Key models only. If the vehicle has Comfort Access / Prox functions you need key RSK-ULK115,TRUE,100,FALSE,FALSE,https://img1.wsimg.com/isteam/ip/4000732a-f94c-4a6b-af0e-3bed8608d9b9/ols/fa304e6b-1630-443e-8872-79b5ac49e332_1.48f8ee.jpeg
XHR-KEY-RDR-AND,Xhorse - Key Reader and Blade Skimmer - Works with Xhorse App,,,,$420.00 ,$350.00 ,USD,"Xhorse Key Reader Highlights: 1. Reading Key Bitting More Accurately than Taking Photos 2. Accurate and Efficient Optical Identification of Key Bitting  3. Identify Aluminum Keys, Plastic Keys and Metal Keys 4. Taking Only Seconds to Read Key Bitting 5. Avoiding Breaking Probes 6. Xhorse Mobile APP Control Easy to Use 7. Free Update Online with 1 Year Warranty 8. Compatible Cutting Machines: Condor XC-Mini Plus, Condor MINI Plus II, Dolphin XP-005, Dolphin XP-005L, etc. 9. Optical Imaging Technique in Key Bitting Reading  Optical imaging uses light and special properties of photons to obtain  detailed images of substances. Based on the optical imaging technique,  Xhorse XDKP00GL Key Reader is able to identify almost all car and  motorcycle keys. Notice: For CNC machines without Bluetooth function or machines made by other  manufacturers, you can also use this device to read the data and  manually input it into the CNC cutting machines.  Xhorse Key Reader Tack both External and Internal Key Bitting: Identify External Key Bitting Identify Internal Key Bitting Work with Xhorse APP and Key Cutting Machines No Probe Breaking Anymore How to Use Xhorse Key Reader? To use KEY READER, you'll need to download Xhorse APP by which you can  control it to finish various tasks. Also, you can use Xhorse key cutting  machines with screens to finish the work. Step 1: Connect KEY READER to Xhorse APP via WiFi or Bluetooth Step 2: Insert the key into KEY READER Step 3: Click 'Identification' to acquire key bitting Step 4: Cut key directly on connected key cutting machine Xhorse Key Reader Parameters: Input: 12V/2A Screen size: 0.91"" OLED CPU: 8-core Cortex-A53 GPU: IMG GEB320 68OMHZ RAM: 2GB LPDDR3 ROM: 16GB OMMC Camera: 13 million pixels Bluetooth: 41+WF8021a/b/g/nac Xhorse Key Reader Display: Package: 1*Xhorse Key Reader 1*Usar Manual 1*Power Adapter",TRUE,10,FALSE,FALSE,https://img1.wsimg.com/isteam/ip/4000732a-f94c-4a6b-af0e-3bed8608d9b9/21111116366862718152.jpg;https://img1.wsimg.com/isteam/ip/4000732a-f94c-4a6b-af0e-3bed8608d9b9/21111116366862769315.jpg;https://img1.wsimg.com/isteam/ip/4000732a-f94c-4a6b-af0e-3bed8608d9b9/21111116366862744724.jpg
XHR-VVD-MN-KEY,Xhorse VVDI Mini Key Tool Remote Key Programmer Support IOS and Android Global Version,,,,$150.00 ,$110.00 ,USD,"Xhorse VVDI Mini Key Tool Remote Key Programmer VVDI Mini Key Tool vs. VVDI Key Tool: 1. VVDI Mini Key Tool works on IOS and Android, you can check software on the screen of your phone, much easier to operate 2. VVDI Mini Key Tool functions better to test frequency of keys,  and read chips faster according to engineer's test and customer's  feedback 3. VVDI Mini Key Tool has wider ranger to collect data, and more stable 4. VVDI Mini Key Tool with cheaper price 5. With Free 96bit 48-Clone function, and you can have 1 free token each day for one year. After one year, you can use points to change for tokens too. 6. Support renew function for free now 7. You can choose Global Version directly to cover all EU, US Me etc when place order. Important Notice: VVDI Mini Key Tool About Global Version Explanation. From different regions customer's feedback, they also need some other regions remote options  (like ME region they also need some SE and EU database options)  So from 2.3.5 firmware there is GL version(Global) for customers. 1. GL version from old 3 regions include(EU ME SE  US), those 3 old regions will automatically change to GL version from 2.3.5 firmware. 2. GL version will cover more remote options, will keep updating and adding more remotes. (If you find any options missing compare to old region version, you can contact us, we will update) 3. GL version already released more universal smart key generation options 4. If customer still prefer to keep old region version, just send us your device SN, we will setting back for you.(GL or keep old region version,contact us from  Xhorse APP online service or PM Xhorse support) VVDI Mini Key Tool Features: Transponder Generating Support TP transponder & parts of special transponder more than  700 vehicle models, reduce the stock of transponders efficiently. Remote Cloning Support the HCS/Fixed code cloning, support non-HCS rolling code cloning, support PT22XX, LX918, HT6P20, VD5026, AX5326, HT12X fixed code editing. Garage Remote Generating Supporting more than 100 types. Remote Generate Support 128 brands, over 2000 vehicle models. Generate more abundant and  thorough key pictures, transponder types, key blanks and remote  matching data. Frequency Test Support the power test within the range of 300-450MHz. Toyota H transponder Activate Toyota H transponder generation function 📷 What can you do with VVDI Mini Keytool with all functions activated? VVDI Mini Keytool FULL Authorization: Done! AI – Car remote type                                                 Already activated AI – Key blade type                                                   Already activated AI – PIN code                                                            Already activated Remote – Vehicle remote                                         Already activated Remote – Garage remote                                         Already activated Remote -Proximity remote                                       Already activated Generate transponder – 7935/ 46/ 4D/ 48/ 8C        Already activated Generate transponder -Toyota H (8A)                     Already activated Transponder clone – ID48 (96 bits)                          Already activated Transponder clone – ID46                                        Already activated Transponder clone – ID4D                                       Already activated Transponder clone – ID4E                                        Already activated Transponder clone – ID70/ 83                                 Already activated Transponder clone – ID11/ 12/ 13/ 4C/ 8C             Already activated Transponder clone – Toyota/ Daihatsu G               Already activated Transponder clone – Toyota H (8A)                        Already activated Transponder clone – ID33 /42                                Already activated Transponder edit – 11/12/13/4C                            Already activated Transponder edit – 46/ 47/ 48/ 4D/4E                   Already activated Remote clone – Fix code                                        Already activated Remote clone – Rolling code                                 Already activated Remote clone – make new                                     Already activated Detect remote frequence                                       Already activated Set type of VVDI super transponder                      Already activated VVDI Special TP                                                      Already activated Special 4D to 4C                                                     Already activated Unlock Toyota smartkey                                         Already activated ID63 to ID83                                                            Already activated Hyundai/ KIA PIN code                                           Already activated Copy BYD smart key                                               Already activated Detect ignition coil signal                                       Already activated Online technical support                                        Already activated Technical center                                                     Already activated Video center                                                           Already activated History                                                                    Already activated VVDI Mini Key Tool Software Update: Mini Key Tool New Version 1.1.9 Information: 1.Add Access Card Clone(APP-->Special Function-->IC/ID clone) 2.Add BMW HUF5767 Renew 3.Bug Fixed V1.1.3 MINI Key Tool Update 2019/09/06 1.Add some types chip generation 2.Modify ID46 clone 3.Modify Peugeot & Citroen remote generation V1.1.2 MINI Key Tool Update (2019/07/06) 1 Add support Europe Toyota folding 8A chip detect and clone 2 Fix ID46 clone bugs 3 Fix ID46 special chip generate bugs MINI KEY TOOL Remote Database Update to V201 (2019-06-19) The following options needs vvdi smart remotes: + vw golf vii (2012-2015) remote/keyless go mqb48 434mhz + vw polo (2014-2017) remote mqb48 434mhz + vw tiguan (2013+) remote/keyless go mqb48 434mhz + vw passat b8 keyless go mqb48 434mhz + skoda otiavia (2013+) remote/ketless go mqb48 434mhz + skoda febia (2014+) remote/keyless go mqb48 434mhz + seat leon (2012+) remote/keyless go mqb48 434mhz + seat ibiza (2016+) remote/keyless go mqb48 434mhz MINI KEY TOOL V1.1.1 New Update (2019-06-03) 1. Support copy super chip 2. Add French language 3. UI Improvement 4. BugFix MINI KEY TOOL V1.0.9 New Update (2019-05-14) 1 Add generate Buick excelle 4D70 special chip American Ford ID49 special chip(need VVDI super chip) 2 Fix chip 46 clone(type CDP, such as Mitsubish, suzuki and part of honda) MINI KEY TOOL Remote database version 228 Update (2019-1-25) add Hyundai Grand I10 smart key add Hyundai Elite I20 smart key add CRUZE smart key add Ford ecosport ID83 smart key add Nissan Micra smart key VVDI Mini Key Tool App Display: 📷 How to Use Xhorse VVDI Mini Key Tool? VVDI Mini Key Tool Overview 📷 [Start] :press and hold the power button for 1 second [Shut down] :press and hold the power button for 4 seconds 📷 [Transponder detection] :press the power button for 1 second [Frequency test] :press and hold the power button for 2 second 📷 1.Enter the main interface of APP and click ""add device"" to connect 📷 2.The bluetooth of the cellphone is required to be turned on 📷 3.Click ""search for new device"" and pair the device according to SN 📷 VVDI Mini Key Tool FAQs: Q: How to Combine Xhorse MINI KEY TOOL/DOLPHIN/KEY TOOL to Your Account ? A: 1.Login Xhorse APP 2.Connect your Xhorse device via Bluetooth 3.Enter ""Device & History"" to combine your Xhorse device VVDI Mini Key Tool Parameters: OLED Size:                   0.91"" Extra Power:                5V/1A Usage Time:                ≧10 hours Product Size:               140*64.5*23.5 Weight:                       86g Change Current:         650mA Battery Capacity         800mAh VVDI Mini Key Tool Package includes: 1pc x VVDI Mini Key Tool Device 1pc x Remote Programming Cable 1pc x USB Cable 1pc x User Guide",TRUE,10,FALSE,FALSE,https://img1.wsimg.com/isteam/ip/4000732a-f94c-4a6b-af0e-3bed8608d9b9/ols/19090615678293919230.jpg;https://img1.wsimg.com/isteam/ip/4000732a-f94c-4a6b-af0e-3bed8608d9b9/ols/19090615678293935252.jpg;https://img1.wsimg.com/isteam/ip/4000732a-f94c-4a6b-af0e-3bed8608d9b9/ols/19090615678293943580.jpg;https://img1.wsimg.com/isteam/ip/4000732a-f94c-4a6b-af0e-3bed8608d9b9/ols/19090615678293913799.jpg
FLX8.31,Magic - FLX8.31 - Flexible Tool Case for FLEX kit,,,,$190.00 ,$160.00 ,USD,"Description 📷 VERSATILE AND ROBUST The Magicmotorsport tool case allows  you to carry tools and accessories everywhere. It features four  detachable inserts, each with its own internal pocket. You can put everything you need inside to work everywhere, even outside your mechatronics workshop. The pockets have been thought, in fact, to contain all types of tools such as Flex or Dynoroad and not only. The outside is sturdy and resistant thanks to the high quality materials with which it was made. It is 20% larger than the previous model, so you can fit even more accessories without space problems. 📷 CUSTOMIZABLE The internal inserts feature the  unique carbon look design and can be labeled with one of the nine  supplied Velcro patches, so you can easily discover where your items  are. If you wish, you can also detach one or more inserts to carry them individually. The Flexible ToolCase has been created for maximum convenience and flexibility.",TRUE,50,FALSE,FALSE,https://img1.wsimg.com/isteam/ip/4000732a-f94c-4a6b-af0e-3bed8608d9b9/ols/FLX8.31-P_1111.jpg;https://img1.wsimg.com/isteam/ip/4000732a-f94c-4a6b-af0e-3bed8608d9b9/ols/FLX8.31-1_1.jpg;https://img1.wsimg.com/isteam/ip/4000732a-f94c-4a6b-af0e-3bed8608d9b9/ols/FLX8.31-2_1.jpg;https://img1.wsimg.com/isteam/ip/4000732a-f94c-4a6b-af0e-3bed8608d9b9/ols/FLX8.31-3_1.jpg
FLK12,Magic - FLK12 - MAGBench Mini - Jig Tool,,,,$390.00 ,$340.00 ,USD,"Description 📷 Multiple modes of use Make stable connections to program in Boot, BDM and Jtag modes. MAGBench  Mini allows you to work on engine control units and automatic  transmissions units, and also on any other electronic unit. The top panel in polycarbonate and the probes supplied, guarantee precise and safe connections. In addiction, by changing the tool  installed on the second arm you'll be allowed, by rotating on its axis,  to reach every corner of your workspace. Furthermore, the terminal block is  designed for those who need to program, power and measure, also in  combination. The adjustable pin probes, designed ad hoc for the top  panel, allow error-proof connections to work in total safety. The innovative ""click"" system of the  probes guarantees high protection of the electrical elements without the  need to exert pressure. 📷 The most flexible jig you've ever seen A versatile tool that adapts to all  your needs. It can be clamped onto any support or surface. It can be  taken anywhere, thanks to its light weight, and easily transported in  the provided handy case. It is possible to use MAGBench Mini in three working positions: - programming mode: with the help of the probes - welding mode: by installing additional tools - measurement mode: using the terminal block 📷 Nominee Innovation Awards 2022 MAGBench Mini has been awarded in the  category Workshop & Service Solutions at the Automechanika  Innovation Awards by a international jury of experts. More than 130 entries were judged  on innovation content, solution excellence, functionality, aftermarket  relevance, safety and quality, as well as contribution to environmental  protection, resource conservation and sustainability; Our product has been acknowledged as innovative and chameleon.",TRUE,10,FALSE,FALSE,https://img1.wsimg.com/isteam/ip/4000732a-f94c-4a6b-af0e-3bed8608d9b9/ols/MagBench-mini-jig-tool-2_1.jpg;https://img1.wsimg.com/isteam/ip/4000732a-f94c-4a6b-af0e-3bed8608d9b9/ols/magbench-mini-pack.jpg;https://img1.wsimg.com/isteam/ip/4000732a-f94c-4a6b-af0e-3bed8608d9b9/ols/MagBench-mini-jig-tool-8_1.jpg;https://img1.wsimg.com/isteam/ip/4000732a-f94c-4a6b-af0e-3bed8608d9b9/ols/MagBench-mini-jig-tool-6_1.jpg;https://img1.wsimg.com/isteam/ip/4000732a-f94c-4a6b-af0e-3bed8608d9b9/ols/MagBench-mini-jig-tool-5_1.jpg;https://img1.wsimg.com/isteam/ip/4000732a-f94c-4a6b-af0e-3bed8608d9b9/ols/MagBench-mini-jig-tool-7_1.jpg
DNR1.1,Magic - DNR1.1 DynoRoad Car Test,,,,"$1,350.00 ","$1,170.00 ",USD,"Description 📷 The portable dyno DynoRoad is a dyno designed to measure and evaluate power, torque, acceleration  and other parameters in vehicles through an application that can be  downloaded on a smartphone. A portable dyno that allows you to  obtain precise and repeatable results. Just enter the correct vehicle  weight and tire size to get the power values really ​​close to the real  value. DynoRoad also has an integrated weather micro station for measuring temperature  and atmospheric pressure and other data useful for evaluating the tests. With the same external factors, it allows you to constantly repeat the results with a margin of error of less than 1%. Using DynoRoad you can get values ​​similar to what you would get with a traditional test dyno bench. 📷 Quick installation Vehicle installation is really easy. DynoRoad kit includes a universal mounting set and all the necessary accessories. Fix the device on the wheels in the drive axle, press ON and connect to the app on the smartphone via Bluetooth. After the starting configuration,  through a guided procedure it will be possible to calibrate the device  maintaining a speed of 40Km / h for at least 20 seconds. Right after that, you can already use DynoRoad for all your measurements. 📷 Smartphone overview Carry out the tests via the free  application downloadable on smartphones with iOS or Android operating  systems. The software user interface is user friendly, simple and  intuitive, designed for enthusiasts and professionals in the sector. The App guides you to the first  configuration and allows the evaluation of the vehicle power parameters,  offering the possibility to compare multiple tests with different  engine calibration settings. In the analysis section you will find  a space dedicated to performance measurements, where you can view all  the details of your tests: acceleration, split times, maximum speed,  distance and uniform slope of the road. From that moment you'll be able to  view and share the charts whenever you want. The device management  application is available in five languages: English, Italian, Spanish,  Polish and German. In addition, you also have the DynoRoad web portal  where you can easily view the results via PC. Compact, light, rechargeable Thanks to its light weight and compact  size, you can always take DynoRoad anywhere. The device is made with a  solid aluminum body, which preserves its construction characteristics  and guarantees its maintenance over time. The on board battery  guarantees up to 10 hours of autonomy and you can recharge via a USB  type C port. The device is intended for competitive purposes only, it must not be used in streets or public space. How It Works DynoRoad Teaser Package Content Description Quantity     DynoRoad module 1   8mm allen key 1   10mm allen key 1   14mm spanner 1   4 pcs bolt attachment set - 17mm, 19mm, 21mm, 22mm 1   M12 threaded bolt 1   M10 screw & spring washer 1",TRUE,10,FALSE,FALSE,https://img1.wsimg.com/isteam/ip/4000732a-f94c-4a6b-af0e-3bed8608d9b9/ols/DNR1.1-1_3.jpg;https://img1.wsimg.com/isteam/ip/4000732a-f94c-4a6b-af0e-3bed8608d9b9/ols/DNR1.1-4_1.jpg;https://img1.wsimg.com/isteam/ip/4000732a-f94c-4a6b-af0e-3bed8608d9b9/ols/DNR1.1-2_1.jpg;https://img1.wsimg.com/isteam/ip/4000732a-f94c-4a6b-af0e-3bed8608d9b9/ols/DNR1.1-3_3.jpg
V1-5-9-XHR,V1.5.9 Xhorse Dolphin XP-005 XP005 Key Cutting Machine Multi-Language Cut Sided/Track/Dimple/Tibbe Keys,,,,"$1,850.00 ","$1,750.00 ",USD,"Xhorse Dolphin XP-005 Automatic Key Cutting Machine Highlights: 1. With all the capabilities of Condor XC-Mini with Build-in key database. 2. Work on App via Bluetooth for both IOS and Android. 3. Portability, Small and Elegant, Design For All Key Lost. Support More Than 60 Global Brand,2000 car Models and 20000 all key lost database. 4. Support Self-calibration 5. Support key duplication and cutting for vehicle keys 6. Support universal key decode for multiple key types 7. It's the latest portable automatic key cutting machine with in-built battery inside.  8. Lifetime Free Update Online With Online Technical Support  & One Year Warranty 9. XP005 Language: English Xhorse APP Language: English, Spanish, French, Thai, Polish, Italian, Portuguese, Hindi, Hebrew, Korean, Indonesian, Chinese 10. Cut Sided, Track, Dimple and Tibbe Keys, Household Keys Right now Support cut plastic key and aluminum key. 📷 Xhorse Dolphin XP005 Features: 1. With a smart App, fast and Effective Solutions are provided to make you an expert in all key lost fields. To first complete recognition bitting by professional tools. Enter the vehicle code. Make sure the bitting code and then click ""Cutting Key"" 📷 SMART APP CONTROL Support multi-language · Easy to Use · Time-Saving · Upgrade for free DOLPHIN XP-005 can be easily controlled by Xhorse APP on your phone, tablet PC, and other intelligent terminals to complete Cut by Bitting, Key Duplication, All Key Lost, Find Bitting, Key data Customization, Optical recognition bitting, Take photos to recognize bitting, etc. 2. Rich Database Our built-in powerful database covers over 100 car brands, 2,000 car models, and 20,000 key data. We provide a lifelong database upgrade service for free! 3. Built-in Lithium Battery Select well-known lithium battery, stable and reliable, support cutting work without no power supply access. 4. High Precision Cutting Results Key cutting results competition Keys cut by some machines VS Keys cut by DOLPHIN XP-005 📷 5. LED light and Non-Slip lifting handle The status indicator LED light is ideal for checking key cutting status clearly, and also ensuring the regular works in the dark. Ergonomic design, comfortable and effortless. Used to secure the machine in a fixed position and moving it with better control and pulling power. The excellent key duplicator maintains stable performance even in extreme weather. 6. Timely and Portable solutions Compact design, its net weight, only 13kg, much easier to provide users outdoor and roadside services. 📷 7. Standard equipped 2 clamps M1 and M2 with powerful function Supports Sided, Track, Dimple and Tibbe keys. Optional M3 clamp and M4 clamp are available, M3 Clamp is applicable to Ford FO21 & Citroen SX9 keys, M4 Clamp is applicable to single sided house-key. M1 and M2 are standard equipped, M3 and M4 are optional. Optional Cutter: 2.0mm Milling Cutter These three are included in the default package already, you can buy for backup too. 1.0mm Tracer Probe 1.5mm Milling Cutter 2.5mm Milling Cutter 📷 Xhorse Dolphin XP-005 Update Information: Xhorse Dolphine XP-005 V1.5.2 (2021-05-25) + Condor machine add all key blank option (From brand-all key blank) + Add parts of Chinese car models + Add Nissan Kicks key data + Add Maserati GranCabrio/GranTurismo key data + Add Ford Territory key data + Add Hyundai verna key data + Add VW Tiguan L key data + Add Hyundai Mistra key data + Add Buick Regal key data * Fix some key data issue Xhorse Dolphin XP-005 vs Condor XC-Mini Plus: ItemXhorse Dolphin XP005Condor XC-MINI PlusCondor XC-MINI Plus IIScreen Small Screen Only Display Battery, Bluetooth Status.7-inch Adjustable Touch Screen7-inch Adjustable Touch Screen Fixture Standard Clamps (M1, M2)  Optional Clamps (M3, M4)Standard Clamps (M1, M2)  Optional Clamps (M3, M4)Standard Clamps (M5, M3) Optional Clamps (M4) Note: M5 Equals M1+M2 Protection Mask SimpleComprehensiveComprehensive Manipulation Phone APPTouch Screen/Phone APPTouch Screen/Phone APP Offline Operation Not SupportSupportSupport Built-in Database NoYesYes Built-in Battery Built-in Lithium BatteryNo, Need Optional Accessory: Power Supply Adapter with Built-in BatteryNo, Need Optional Accessory: Power Supply Adapter with Built-in Battery Car/Motorcycle/Household Key SupportSupportSupport Connect Key Reader Via Phone APPVia Phone APPDirect Connection Multi-lock Dimple Key Not SupportNot SupportSupport Key Blank Engraving Not SupportNot SupportSupport Update Software (Database): Xhorse APP Firmware: Upgrade Kit on PCSoftware (Database): Xhorse APP Firmware: Upgrade Kit on PCOn Machine via Wi-Fi VVDI MB/Key Tool Plus Binding Profit 1 Free MB Token Everyday after Binding1 Free MB Token Everyday after Binding1 Free MB Token Everyday after Binding Gross Weight 18Kg22.9Kg24Kg Net Weight 15Kg18Kg19Kg Warranty 1 year3 years3 years How to Update Xhorse Dolphin XP-005 Database? 1) Enter Dolphin XP-005 main interface and click ""Update"" 2) Click ""Database update"" 3) If you find a new version,click ""Update"" and download the new version. Click on ""OK"" after download database success If cellphone connected by mobile internet data,a prompt saying that download maybe costs data fee,recommend downloading by WIFI. 📷 Xhorse Dolphin XP005 Key Cutting Machine Parameters: Working Temperature:                  -10~50℃ Input Voltage:                                12-24V Battery Capacity:                            64.75wh Cutting Power:                               100W Standby Power:                              15W Motor Rotation Speed:                   10000-13000RPM Rated Torque:                                 0.15 Nm USB Port:                                         USB2.0 Machine Dimension:                       315*218*270mm Package Dimension:                       510*315*345mm Net Weight:                                    15kg Gross Weight:                                 18kg 📷 Xhorse Dolphin XP-005 Package List: 1pc x Condor Dolphin Main Machine 1pc x 2.5mm cutter 1pc x 1.5mm cutter 2pc x 1.0mm Probe 1pc x 2mm Hexagon bar wrench 1pc x 4mm Hexagon bar wrench 1pc x Power Adapter 1pc x Brush 1pc x Clamp M1 & Link Stopper 1pc x Clamp M2 & shim 1pc x Product Quality Certificate 1pc x User Manual 1pc x Clamp M3 (Optional) 1pc x Clamp M4 (Optional) 1pc x 2.0mm Milling Cutter (Optional) 📷",TRUE,5,FALSE,FALSE,https://img1.wsimg.com/isteam/ip/4000732a-f94c-4a6b-af0e-3bed8608d9b9/ols/21081816292791738891.jpg;https://img1.wsimg.com/isteam/ip/4000732a-f94c-4a6b-af0e-3bed8608d9b9/ols/21081816292791698077.jpg;https://img1.wsimg.com/isteam/ip/4000732a-f94c-4a6b-af0e-3bed8608d9b9/ols/21081816292791727344.jpg;https://img1.wsimg.com/isteam/ip/4000732a-f94c-4a6b-af0e-3bed8608d9b9/ols/21081816292791677496.jpg
XHR-VVD-BMT-PRO,Xhorse VVDI BIMTool Pro Enhanced Edition Update Version of VVDI BMW,,Categories;Featured Products,,"$1,250.00 ","$1,099.00 ",USD,"XHORSE VVDI BIMTOOL PRO Update Version of VVDI BMW Tool Highlights of VVDI BIMTOOL Pro: 1. Add Ethernet Port  Aside of USB port, which will speed up the programming / coding, usually it will only take several minutes instead of dozens of hours when using the USB cable. 2. Latest Version: V1.8.6, Operating System: Compatible with WIN7 8 10 etc, no computer operation system limitation. Free Download V1.8.6 VVDI BMW Tool Software 3. Language:  English, Italian, Spanish, Deutsch, Hungarian, Polish. 4. Support BMW ECU Programming(NBT/CIC), BMW E-Sys and Rhelngold Diagnostic System, able to replace the specialized devices, and greatly speed up the F/G Classis Programming. (Being connected via the network cable) 5. Support DolP Vehicle/ Module Programming 6. Support directly read ISN data without disassembling the ECU (N13/N20/N55/N63) 📷 VVDI BIMTOOL Pro Using Notice: 1. Please don't use the Internet Port and USB Port at the same time. For FEM/BDC Programming using the USB Port connect is ok; Others Programming you can connect the Internet Port. 2. When connect the port with PC, first it will display""Booting"", after 20 secs it will display as ""BMW"", then it means the connect ok. Xhorse VVDI BIMTool Pro Functions: 1. E-Series programming, coding, DTCs 1). Support autodetect car chassis 2). Support scan all car units 3). Support calculate all configuration units 4). Support read/write car configuration(FA) 5). Support input HW/ZB number to programming 6). Support calculate default coding from FA 7). Support edit detail coding information, change car config 8). Support many languages DTC code 2. F-Series programming, coding, DTCs 1). Support autodetect car chassis 2). Support read/write car configuration(FA) 3). Support calculate programming files from unit, car, whold database 4). Support calculate default coding from FA 5). Support edit detail coding information, change car config 6). Support detail special function list from coding 7). Support many languages DTC code 3. CAS1/CAS2/CAS3/CAS3+/CAS3++ISTAP OBD key learning 1). Support read key information, write key inforamtion 2). Support key learning 3). Support read/write EEPROM 4). Support read ECU/gearbox synchronize codes 5). Support write ECU/gearbox synchronize codes 6). Support synchronize ECU and CAS 7). Support synchronize CAS and ELV 8). Support read ISN via OBDII 9). Support reset KM via OBDII 10). Support disable key/enable key 4. CAS4(1L15Y)/CAS4+(5M48H) OBD key learning 1). Support read CAS encrypt key via OBDII 2). Support key learning via programmer and via ignition switch 3). Support disable key/enable key 4). Support erase key position 5). Support reset KM via OBDII 6). Support read ISN via OBDII 7). Support backup/restore coding 8). Support update original CAS4 file 5. FEM/BDC OBD key learning 1). Support read FEM/BDC encrypt key via OBDII 2). Support key learning via programmer and via ignition switch 3). Support disable key/enable key 4). Support erase key position 5). Support reset KM via OBDII 6). Support read ISN via OBDII 7). Support backup/restore coding 8). Support exchange used FEM/BDC 9). Support close/open transport mode 10). Support reset ECU lock 11). Support switch on ignition without working key 6. CAS EEPROM dump key learning 1). Support EWS1, EWS2, EWS3, EWS4, CAS1(0K50E), CAS2(2K79X), CAS3(0L01Y), CAS3+(0L15Y), CAS3++ISTAP(0L15Y, 0M23S) 2). Support prepare dealer key via programmer 3). Support disable key/enable key 4). Support read ISN from working key 7. 8HP Gearbox renew 1). Support clear ISN in 8HP gearbox 2). Support backup/restore coding 3). Support reset adaptation information 8. Read synchronize code from E-Series ECU: Support MEV9N46L, MSV70, MSS60, MS450, N62 etc 9. Read E-Series/F-Series ECU ISN via OBDII 1). Support MSV80, MSV801, MSD80, MSD81, MSD802, MSD812, MSD851 2). Support MED17xx/MVD17xx/MEVD17xx/MV1722 3). Support MED172/MEV17N46/ME17N45 4). Support MEVD172Y/MEVD172/MEVD1725/B38/X63TU 10. Support exchange ECU and CAS 1). Support write ECU ISN via OBDII 2). Support write ECU VIN via OBDII 3). Support change ECU ISN and VIN with EEPROM dump 4). Support chagne CAS1/CAS2/CAS3/CAS4 ISN and VIN with EEPROM dump 11. CAS repair(OBD&EEPROM) 1). Support repair ISTAP CAS 2). Support repair CAS EEPROM(Service mode EEPROM), you can start engine after repair the file(CAS1,CAS2,CAS3,CAS3+,CAS3++ISTAP) 12. CAS3+/CAS4+ lost all dump file support restore ISN and VIN 1). Support CAS3+(1L15Y) encrypt version 2). Support CAS3++(ISTAP) version 3). Support CAS4+(5M48H) version 13. File KM calibration 1). Support EWS1, EWS2, EWS3, EWS4 2). Support CAS1(0K50E), CAS2(2K79X), CAS3(0L01Y), CAS3+(0L15Y, 0M23S) 3). Support CAS4(1L15Y), CAS4(5M48H, 1N35H) 4). Support E-Series dashboard EEPROM(M35080) 5). Support F-Series dashboard EEPROM(35160, 35128) 14. Unlock HITAG2 key: Support lock hitag2 key made from BMW TOOL via programmer 15. EWS3/EWS4 can read EEPROM, write EEPROM via CAS PLUG For more details, please read the User Manual. 📷 BMW BIMTool Pro Latest Update Information: BMW BIMTool Pro V1.7.1 Date 2021-04-22                         Require firmware V1.6.4                         1. Support program not support unlock FEM/BDC directly, After programming can do unlock function 2. Bugfix for E-Series programming 3. Improvement for F/G-Series programming and coding 4. Bugfix BMW BIMTool Pro V1.7.1 Date 2021-04-06             Require firmware V1.6.4             1. Bugfix for Read 6HP EGS ISN(E-series) 2. Add many new functions for coding 3. Improvement for F/G series programming and coding 4. Bugfix BMW BIMTool Pro E /F Chassis Programming & Coding: ●Program / Code BMW Exx  1. Connect Car  Can auto detect vehicle model, read module information, support chassis: E36, E38, E39, E46, E52, E53, E60, E63, E64, E65, E66, E67, E70, E71, E72, E83, E85, E86, E89, E90, E91, E92, E93, K1X, K24, KH2, R50, R52, R53, R55, R56, R57, RR1,.etc chassis ",TRUE,10,FALSE,FALSE,https://img1.wsimg.com/isteam/ip/4000732a-f94c-4a6b-af0e-3bed8608d9b9/ols/20092916013684898094.jpg;https://img1.wsimg.com/isteam/ip/4000732a-f94c-4a6b-af0e-3bed8608d9b9/ols/20101316025775882456.jpg;https://img1.wsimg.com/isteam/ip/4000732a-f94c-4a6b-af0e-3bed8608d9b9/ols/20092916013684913293.jpg;https://img1.wsimg.com/isteam/ip/4000732a-f94c-4a6b-af0e-3bed8608d9b9/ols/20101316025775896945.jpg
,,,,,,,,,,,,,
,,,,,,,,,,,,,
,,,,,,,,,,,,,
,,,,,,,,,,,,,
,,,,,,,,,,,,,
,,,,,,,,,,,,,
,,,,,,,,,,,,,
,,,,,,,,,,,,,
,,,,,,,,,,,,,
,,,,,,,,,,,,,
,,,,,,,,,,,,,
,,,,,,,,,,,,,
,,,,,,,,,,,,,
,,,,,,,,,,,,,
,,,,,,,,,,,,,
,,,,,,,,,,,,,
,,,,,,,,,,,,,
,,,,,,,,,,,,,
,,,,,,,,,,,,,
,,,,,,,,,,,,,
,,,,,,,,,,,,,
,,,,,,,,,,,,,
,,,,,,,,,,,,,
,,,,,,,,,,,,,
,,,,,,,,,,,,,
,,,,,,,,,,,,,
,,,,,,,,,,,,,
,,,,,,,,,,,,,
,,,,,,,,,,,,,
,,,,,,,,,,,,,
,,,,,,,,,,,,,
,,,,,,,,,,,,,
,,,,,,,,,,,,,
,,,,,,,,,,,,,
,,,,,,,,,,,,,
,,,,,,,,,,,,,
,,,,,,,,,,,,,
,,,,,,,,,,,,,
,,,,,,,,,,,,,
,,,,,,,,,,,,,
,,,,,,,,,,,,,
,,,,,,,,,,,,,
,,,,,,,,,,,,,
,,,,,,,,,,,,,
,,,,,,,,,,,,,
,,,,,,,,,,,,,
,,,,,,,,,,,,,
,,,,,,,,,,,,,
,,,,,,,,,,,,,
,,,,,,,,,,,,,
,,,,,,,,,,,,,
,,,,,,,,,,,,,
,,,,,,,,,,,,,
,,,,,,,,,,,,,
,,,,,,,,,,,,,
,,,,,,,,,,,,,
,,,,,,,,,,,,,
,,,,,,,,,,,,,
,,,,,,,,,,,,,
,,,,,,,,,,,,,
,,,,,,,,,,,,,
,,,,,,,,,,,,,
,,,,,,,,,,,,,
,,,,,,,,,,,,,
,,,,,,,,,,,,,
,,,,,,,,,,,,,
,,,,,,,,,,,,,
,,,,,,,,,,,,,
,,,,,,,,,,,,,
,,,,,,,,,,,,,
,,,,,,,,,,,,,
,,,,,,,,,,,,,
,,,,,,,,,,,,,
,,,,,,,,,,,,,
,,,,,,,,,,,,,
,,,,,,,,,,,,,
,,,,,,,,,,,,,
,,,,,,,,,,,,,
,,,,,,,,,,,,,
,,,,,,,,,,,,,
,,,,,,,,,,,,,
,,,,,,,,,,,,,
,,,,,,,,,,,,,
,,,,,,,,,,,,,
,,,,,,,,,,,,,
,,,,,,,,,,,,,
,,,,,,,,,,,,,
,,,,,,,,,,,,,
,,,,,,,,,,,,,
,,,,,,,,,,,,,
,,,,,,,,,,,,,
,,,,,,,,,,,,,
,,,,,,,,,,,,,
,,,,,,,,,,,,,
,,,,,,,,,,,,,
,,,,,,,,,,,,,
,,,,,,,,,,,,,
,,,,,,,,,,,,,
,,,,,,,,,,,,,
,,,,,,,,,,,,,
,,,,,,,,,,,,,
,,,,,,,,,,,,,
,,,,,,,,,,,,,
,,,,,,,,,,,,,
,,,,,,,,,,,,,
,,,,,,,,,,,,,
,,,,,,,,,,,,,
,,,,,,,,,,,,,
,,,,,,,,,,,,,
,,,,,,,,,,,,,
,,,,,,,,,,,,,
,,,,,,,,,,,,,
,,,,,,,,,,,,,
,,,,,,,,,,,,,
,,,,,,,,,,,,,
,,,,,,,,,,,,,
,,,,,,,,,,,,,
,,,,,,,,,,,,,
,,,,,,,,,,,,,
,,,,,,,,,,,,,
,,,,,,,,,,,,,
,,,,,,,,,,,,,
,,,,,,,,,,,,,
,,,,,,,,,,,,,
,,,,,,,,,,,,,
,,,,,,,,,,,,,
,,,,,,,,,,,,,
,,,,,,,,,,,,,
,,,,,,,,,,,,,
,,,,,,,,,,,,,
,,,,,,,,,,,,,
,,,,,,,,,,,,,
,,,,,,,,,,,,,
,,,,,,,,,,,,,
,,,,,,,,,,,,,
,,,,,,,,,,,,,
,,,,,,,,,,,,,
,,,,,,,,,,,,,
,,,,,,,,,,,,,
,,,,,,,,,,,,,
,,,,,,,,,,,,,
,,,,,,,,,,,,,
,,,,,,,,,,,,,
,,,,,,,,,,,,,
,,,,,,,,,,,,,
,,,,,,,,,,,,,
,,,,,,,,,,,,,
,,,,,,,,,,,,,
,,,,,,,,,,,,,
,,,,,,,,,,,,,
,,,,,,,,,,,,,
,,,,,,,,,,,,,
,,,,,,,,,,,,,
,,,,,,,,,,,,,
,,,,,,,,,,,,,
,,,,,,,,,,,,,
,,,,,,,,,,,,,
,,,,,,,,,,,,,
,,,,,,,,,,,,,
,,,,,,,,,,,,,
,,,,,,,,,,,,,
,,,,,,,,,,,,,
,,,,,,,,,,,,,
,,,,,,,,,,,,,
,,,,,,,,,,,,,
,,,,,,,,,,,,,
,,,,,,,,,,,,,
,,,,,,,,,,,,,
,,,,,,,,,,,,,
,,,,,,,,,,,,,
,,,,,,,,,,,,,
,,,,,,,,,,,,,
,,,,,,,,,,,,,
,,,,,,,,,,,,,
,,,,,,,,,,,,,
,,,,,,,,,,,,,
,,,,,,,,,,,,,
,,,,,,,,,,,,,
,,,,,,,,,,,,,
,,,,,,,,,,,,,
,,,,,,,,,,,,,
,,,,,,,,,,,,,
,,,,,,,,,,,,,
,,,,,,,,,,,,,
,,,,,,,,,,,,,
,,,,,,,,,,,,,
,,,,,,,,,,,,,
,,,,,,,,,,,,,
,,,,,,,,,,,,,
,,,,,,,,,,,,,
,,,,,,,,,,,,,
,,,,,,,,,,,,,
,,,,,,,,,,,,,
,,,,,,,,,,,,,
,,,,,,,,,,,,,
,,,,,,,,,,,,,
,,,,,,,,,,,,,
,,,,,,,,,,,,,
,,,,,,,,,,,,,
,,,,,,,,,,,,,
,,,,,,,,,,,,,
,,,,,,,,,,,,,
,,,,,,,,,,,,,
,,,,,,,,,,,,,
,,,,,,,,,,,,,
,,,,,,,,,,,,,
,,,,,,,,,,,,,
,,,,,,,,,,,,,
,,,,,,,,,,,,,
,,,,,,,,,,,,,
,,,,,,,,,,,,,
,,,,,,,,,,,,,
,,,,,,,,,,,,,
,,,,,,,,,,,,,
,,,,,,,,,,,,,
,,,,,,,,,,,,,
,,,,,,,,,,,,,
,,,,,,,,,,,,,
,,,,,,,,,,,,,
,,,,,,,,,,,,,
,,,,,,,,,,,,,
,,,,,,,,,,,,,
,,,,,,,,,,,,,
,,,,,,,,,,,,,
,,,,,,,,,,,,,
,,,,,,,,,,,,,
,,,,,,,,,,,,,
,,,,,,,,,,,,,
,,,,,,,,,,,,,
,,,,,,,,,,,,,
,,,,,,,,,,,,,
,,,,,,,,,,,,,
,,,,,,,,,,,,,
,,,,,,,,,,,,,
,,,,,,,,,,,,,
,,,,,,,,,,,,,
,,,,,,,,,,,,,
,,,,,,,,,,,,,
,,,,,,,,,,,,,
,,,,,,,,,,,,,
,,,,,,,,,,,,,
,,,,,,,,,,,,,
,,,,,,,,,,,,,
,,,,,,,,,,,,,
,,,,,,,,,,,,,
,,,,,,,,,,,,,
,,,,,,,,,,,,,
,,,,,,,,,,,,,
,,,,,,,,,,,,,
,,,,,,,,,,,,,
,,,,,,,,,,,,,
,,,,,,,,,,,,,
,,,,,,,,,,,,,
,,,,,,,,,,,,,
,,,,,,,,,,,,,
,,,,,,,,,,,,,
,,,,,,,,,,,,,
,,,,,,,,,,,,,
,,,,,,,,,,,,,
,,,,,,,,,,,,,
,,,,,,,,,,,,,
,,,,,,,,,,,,,
,,,,,,,,,,,,,
,,,,,,,,,,,,,
,,,,,,,,,,,,,
,,,,,,,,,,,,,
,,,,,,,,,,,,,
,,,,,,,,,,,,,
,,,,,,,,,,,,,
,,,,,,,,,,,,,
,,,,,,,,,,,,,
,,,,,,,,,,,,,
,,,,,,,,,,,,,
,,,,,,,,,,,,,
,,,,,,,,,,,,,
,,,,,,,,,,,,,
,,,,,,,,,,,,,
,,,,,,,,,,,,,
,,,,,,,,,,,,,
,,,,,,,,,,,,,
,,,,,,,,,,,,,
,,,,,,,,,,,,,
,,,,,,,,,,,,,
,,,,,,,,,,,,,
,,,,,,,,,,,,,
,,,,,,,,,,,,,
,,,,,,,,,,,,,
,,,,,,,,,,,,,
,,,,,,,,,,,,,
,,,,,,,,,,,,,
,,,,,,,,,,,,,
,,,,,,,,,,,,,
,,,,,,,,,,,,,
,,,,,,,,,,,,,
,,,,,,,,,,,,,
,,,,,,,,,,,,,
,,,,,,,,,,,,,
,,,,,,,,,,,,,
,,,,,,,,,,,,,
,,,,,,,,,,,,,
,,,,,,,,,,,,,
,,,,,,,,,,,,,
,,,,,,,,,,,,,
,,,,,,,,,,,,,
,,,,,,,,,,,,,
,,,,,,,,,,,,,
,,,,,,,,,,,,,
,,,,,,,,,,,,,
,,,,,,,,,,,,,
,,,,,,,,,,,,,
,,,,,,,,,,,,,
,,,,,,,,,,,,,
,,,,,,,,,,,,,
,,,,,,,,,,,,,
,,,,,,,,,,,,,
,,,,,,,,,,,,,
,,,,,,,,,,,,,
,,,,,,,,,,,,,
,,,,,,,,,,,,,
,,,,,,,,,,,,,
,,,,,,,,,,,,,
,,,,,,,,,,,,,
,,,,,,,,,,,,,
,,,,,,,,,,,,,
,,,,,,,,,,,,,
,,,,,,,,,,,,,
,,,,,,,,,,,,,
,,,,,,,,,,,,,
,,,,,,,,,,,,,
,,,,,,,,,,,,,
,,,,,,,,,,,,,
,,,,,,,,,,,,,
,,,,,,,,,,,,,
,,,,,,,,,,,,,
,,,,,,,,,,,,,
,,,,,,,,,,,,,
,,,,,,,,,,,,,
,,,,,,,,,,,,,
,,,,,,,,,,,,,
,,,,,,,,,,,,,
,,,,,,,,,,,,,
,,,,,,,,,,,,,
,,,,,,,,,,,,,
,,,,,,,,,,,,,
,,,,,,,,,,,,,
,,,,,,,,,,,,,
,,,,,,,,,,,,,
,,,,,,,,,,,,,
,,,,,,,,,,,,,
,,,,,,,,,,,,,
,,,,,,,,,,,,,
,,,,,,,,,,,,,
,,,,,,,,,,,,,
,,,,,,,,,,,,,
,,,,,,,,,,,,,
,,,,,,,,,,,,,
,,,,,,,,,,,,,
,,,,,,,,,,,,,
,,,,,,,,,,,,,
,,,,,,,,,,,,,
,,,,,,,,,,,,,
,,,,,,,,,,,,,
,,,,,,,,,,,,,
,,,,,,,,,,,,,
,,,,,,,,,,,,,
,,,,,,,,,,,,,
,,,,,,,,,,,,,
,,,,,,,,,,,,,
,,,,,,,,,,,,,
,,,,,,,,,,,,,
,,,,,,,,,,,,,
,,,,,,,,,,,,,
,,,,,,,,,,,,,
,,,,,,,,,,,,,
,,,,,,,,,,,,,
,,,,,,,,,,,,,
,,,,,,,,,,,,,
,,,,,,,,,,,,,
,,,,,,,,,,,,,
,,,,,,,,,,,,,
,,,,,,,,,,,,,
,,,,,,,,,,,,,
,,,,,,,,,,,,,
,,,,,,,,,,,,,
,,,,,,,,,,,,,
,,,,,,,,,,,,,
,,,,,,,,,,,,,
,,,,,,,,,,,,,
,,,,,,,,,,,,,
,,,,,,,,,,,,,
,,,,,,,,,,,,,
,,,,,,,,,,,,,
,,,,,,,,,,,,,
,,,,,,,,,,,,,
,,,,,,,,,,,,,
,,,,,,,,,,,,,
,,,,,,,,,,,,,
,,,,,,,,,,,,,
,,,,,,,,,,,,,
,,,,,,,,,,,,,
,,,,,,,,,,,,,
,,,,,,,,,,,,,
,,,,,,,,,,,,,
,,,,,,,,,,,,,
,,,,,,,,,,,,,
,,,,,,,,,,,,,
,,,,,,,,,,,,,
,,,,,,,,,,,,,
,,,,,,,,,,,,,
,,,,,,,,,,,,,
,,,,,,,,,,,,,
,,,,,,,,,,,,,
,,,,,,,,,,,,,
,,,,,,,,,,,,,
,,,,,,,,,,,,,
,,,,,,,,,,,,,
,,,,,,,,,,,,,
,,,,,,,,,,,,,
,,,,,,,,,,,,,
,,,,,,,,,,,,,
,,,,,,,,,,,,,
,,,,,,,,,,,,,
,,,,,,,,,,,,,
,,,,,,,,,,,,,
,,,,,,,,,,,,,
,,,,,,,,,,,,,
,,,,,,,,,,,,,
,,,,,,,,,,,,,
,,,,,,,,,,,,,
,,,,,,,,,,,,,
,,,,,,,,,,,,,
,,,,,,,,,,,,,
,,,,,,,,,,,,,
,,,,,,,,,,,,,
,,,,,,,,,,,,,
,,,,,,,,,,,,,
,,,,,,,,,,,,,
,,,,,,,,,,,,,
,,,,,,,,,,,,,
,,,,,,,,,,,,,
,,,,,,,,,,,,,
,,,,,,,,,,,,,
,,,,,,,,,,,,,
,,,,,,,,,,,,,
,,,,,,,,,,,,,
,,,,,,,,,,,,,
,,,,,,,,,,,,,
,,,,,,,,,,,,,
,,,,,,,,,,,,,
,,,,,,,,,,,,,
,,,,,,,,,,,,,
,,,,,,,,,,,,,
,,,,,,,,,,,,,
,,,,,,,,,,,,,
,,,,,,,,,,,,,
,,,,,,,,,,,,,
,,,,,,,,,,,,,
,,,,,,,,,,,,,
,,,,,,,,,,,,,
,,,,,,,,,,,,,
,,,,,,,,,,,,,
,,,,,,,,,,,,,
,,,,,,,,,,,,,
,,,,,,,,,,,,,
,,,,,,,,,,,,,
,,,,,,,,,,,,,
,,,,,,,,,,,,,
,,,,,,,,,,,,,
,,,,,,,,,,,,,
,,,,,,,,,,,,,
,,,,,,,,,,,,,
,,,,,,,,,,,,,
,,,,,,,,,,,,,
,,,,,,,,,,,,,
,,,,,,,,,,,,,
,,,,,,,,,,,,,
,,,,,,,,,,,,,
,,,,,,,,,,,,,
,,,,,,,,,,,,,
,,,,,,,,,,,,,
,,,,,,,,,,,,,
,,,,,,,,,,,,,
,,,,,,,,,,,,,
,,,,,,,,,,,,,
,,,,,,,,,,,,,
,,,,,,,,,,,,,
,,,,,,,,,,,,,
,,,,,,,,,,,,,
,,,,,,,,,,,,,
,,,,,,,,,,,,,
,,,,,,,,,,,,,
,,,,,,,,,,,,,
,,,,,,,,,,,,,
,,,,,,,,,,,,,
,,,,,,,,,,,,,
,,,,,,,,,,,,,
,,,,,,,,,,,,,
,,,,,,,,,,,,,
,,,,,,,,,,,,,
,,,,,,,,,,,,,
,,,,,,,,,,,,,
,,,,,,,,,,,,,
,,,,,,,,,,,,,
,,,,,,,,,,,,,
,,,,,,,,,,,,,
,,,,,,,,,,,,,
,,,,,,,,,,,,,
,,,,,,,,,,,,,
,,,,,,,,,,,,,
,,,,,,,,,,,,,
,,,,,,,,,,,,,
,,,,,,,,,,,,,
,,,,,,,,,,,,,
,,,,,,,,,,,,,
,,,,,,,,,,,,,
,,,,,,,,,,,,,
,,,,,,,,,,,,,
,,,,,,,,,,,,,
,,,,,,,,,,,,,
,,,,,,,,,,,,,
,,,,,,,,,,,,,
,,,,,,,,,,,,,
,,,,,,,,,,,,,
,,,,,,,,,,,,,
,,,,,,,,,,,,,
,,,,,,,,,,,,,
,,,,,,,,,,,,,
,,,,,,,,,,,,,
,,,,,,,,,,,,,
,,,,,,,,,,,,,
,,,,,,,,,,,,,
,,,,,,,,,,,,,
,,,,,,,,,,,,,
,,,,,,,,,,,,,
,,,,,,,,,,,,,
,,,,,,,,,,,,,
,,,,,,,,,,,,,
,,,,,,,,,,,,,
,,,,,,,,,,,,,
,,,,,,,,,,,,,
,,,,,,,,,,,,,
,,,,,,,,,,,,,
,,,,,,,,,,,,,
,,,,,,,,,,,,,
,,,,,,,,,,,,,
,,,,,,,,,,,,,
,,,,,,,,,,,,,
,,,,,,,,,,,,,
,,,,,,,,,,,,,
,,,,,,,,,,,,,
,,,,,,,,,,,,,
,,,,,,,,,,,,,
,,,,,,,,,,,,,
,,,,,,,,,,,,,
,,,,,,,,,,,,,
,,,,,,,,,,,,,
,,,,,,,,,,,,,
,,,,,,,,,,,,,
,,,,,,,,,,,,,
,,,,,,,,,,,,,
,,,,,,,,,,,,,
,,,,,,,,,,,,,
,,,,,,,,,,,,,
,,,,,,,,,,,,,
,,,,,,,,,,,,,
,,,,,,,,,,,,,
,,,,,,,,,,,,,
,,,,,,,,,,,,,
,,,,,,,,,,,,,
,,,,,,,,,,,,,
,,,,,,,,,,,,,
,,,,,,,,,,,,,
,,,,,,,,,,,,,
,,,,,,,,,,,,,
,,,,,,,,,,,,,
,,,,,,,,,,,,,
,,,,,,,,,,,,,
,,,,,,,,,,,,,
,,,,,,,,,,,,,
,,,,,,,,,,,,,
,,,,,,,,,,,,,
,,,,,,,,,,,,,
,,,,,,,,,,,,,
,,,,,,,,,,,,,
,,,,,,,,,,,,,
,,,,,,,,,,,,,
,,,,,,,,,,,,,
,,,,,,,,,,,,,
,,,,,,,,,,,,,
,,,,,,,,,,,,,
,,,,,,,,,,,,,
,,,,,,,,,,,,,
,,,,,,,,,,,,,
,,,,,,,,,,,,,
,,,,,,,,,,,,,
,,,,,,,,,,,,,
,,,,,,,,,,,,,
,,,,,,,,,,,,,
,,,,,,,,,,,,,
,,,,,,,,,,,,,
,,,,,,,,,,,,,
,,,,,,,,,,,,,
,,,,,,,,,,,,,
,,,,,,,,,,,,,
,,,,,,,,,,,,,
,,,,,,,,,,,,,
,,,,,,,,,,,,,
,,,,,,,,,,,,,
,,,,,,,,,,,,,
,,,,,,,,,,,,,
,,,,,,,,,,,,,
,,,,,,,,,,,,,
,,,,,,,,,,,,,
,,,,,,,,,,,,,
,,,,,,,,,,,,,
,,,,,,,,,,,,,
,,,,,,,,,,,,,
,,,,,,,,,,,,,
,,,,,,,,,,,,,
,,,,,,,,,,,,,
,,,,,,,,,,,,,
,,,,,,,,,,,,,
,,,,,,,,,,,,,
,,,,,,,,,,,,,
,,,,,,,,,,,,,
,,,,,,,,,,,,,
,,,,,,,,,,,,,
,,,,,,,,,,,,,
,,,,,,,,,,,,,
,,,,,,,,,,,,,
,,,,,,,,,,,,,
,,,,,,,,,,,,,
,,,,,,,,,,,,,
,,,,,,,,,,,,,
,,,,,,,,,,,,,
,,,,,,,,,,,,,
,,,,,,,,,,,,,
,,,,,,,,,,,,,
,,,,,,,,,,,,,
,,,,,,,,,,,,,
,,,,,,,,,,,,,
,,,,,,,,,,,,,
,,,,,,,,,,,,,
,,,,,,,,,,,,,
,,,,,,,,,,,,,
,,,,,,,,,,,,,
,,,,,,,,,,,,,
,,,,,,,,,,,,,
,,,,,,,,,,,,,
,,,,,,,,,,,,,
,,,,,,,,,,,,,
,,,,,,,,,,,,,
,,,,,,,,,,,,,
,,,,,,,,,,,,,
,,,,,,,,,,,,,
,,,,,,,,,,,,,
,,,,,,,,,,,,,
,,,,,,,,,,,,,
,,,,,,,,,,,,,
,,,,,,,,,,,,,
,,,,,,,,,,,,,
,,,,,,,,,,,,,
,,,,,,,,,,,,,
,,,,,,,,,,,,,
,,,,,,,,,,,,,
,,,,,,,,,,,,,
,,,,,,,,,,,,,
,,,,,,,,,,,,,
,,,,,,,,,,,,,
,,,,,,,,,,,,,
,,,,,,,,,,,,,
,,,,,,,,,,,,,
,,,,,,,,,,,,,
,,,,,,,,,,,,,
,,,,,,,,,,,,,
,,,,,,,,,,,,,
,,,,,,,,,,,,,
,,,,,,,,,,,,,
,,,,,,,,,,,,,
,,,,,,,,,,,,,
,,,,,,,,,,,,,
,,,,,,,,,,,,,
,,,,,,,,,,,,,
,,,,,,,,,,,,,
,,,,,,,,,,,,,
,,,,,,,,,,,,,
,,,,,,,,,,,,,
,,,,,,,,,,,,,
,,,,,,,,,,,,,
,,,,,,,,,,,,,
,,,,,,,,,,,,,
,,,,,,,,,,,,,
,,,,,,,,,,,,,
,,,,,,,,,,,,,
,,,,,,,,,,,,,
,,,,,,,,,,,,,
,,,,,,,,,,,,,
,,,,,,,,,,,,,
,,,,,,,,,,,,,
,,,,,,,,,,,,,
,,,,,,,,,,,,,
,,,,,,,,,,,,,
,,,,,,,,,,,,,
,,,,,,,,,,,,,
,,,,,,,,,,,,,
,,,,,,,,,,,,,
,,,,,,,,,,,,,
,,,,,,,,,,,,,
,,,,,,,,,,,,,
,,,,,,,,,,,,,
,,,,,,,,,,,,,
,,,,,,,,,,,,,
,,,,,,,,,,,,,
,,,,,,,,,,,,,
,,,,,,,,,,,,,
,,,,,,,,,,,,,
,,,,,,,,,,,,,
,,,,,,,,,,,,,
,,,,,,,,,,,,,
,,,,,,,,,,,,,
,,,,,,,,,,,,,
,,,,,,,,,,,,,
,,,,,,,,,,,,,
,,,,,,,,,,,,,
,,,,,,,,,,,,,
,,,,,,,,,,,,,
,,,,,,,,,,,,,
,,,,,,,,,,,,,
,,,,,,,,,,,,,
,,,,,,,,,,,,,
,,,,,,,,,,,,,
,,,,,,,,,,,,,
,,,,,,,,,,,,,
,,,,,,,,,,,,,
,,,,,,,,,,,,,
,,,,,,,,,,,,,
,,,,,,,,,,,,,
,,,,,,,,,,,,,
,,,,,,,,,,,,,
,,,,,,,,,,,,,
,,,,,,,,,,,,,
,,,,,,,,,,,,,
,,,,,,,,,,,,,
,,,,,,,,,,,,,
,,,,,,,,,,,,,
,,,,,,,,,,,,,
,,,,,,,,,,,,,
,,,,,,,,,,,,,
,,,,,,,,,,,,,
,,,,,,,,,,,,,
,,,,,,,,,,,,,
,,,,,,,,,,,,,
,,,,,,,,,,,,,
,,,,,,,,,,,,,
,,,,,,,,,,,,,
,,,,,,,,,,,,,
,,,,,,,,,,,,,
,,,,,,,,,,,,,
,,,,,,,,,,,,,
,,,,,,,,,,,,,
,,,,,,,,,,,,,
,,,,,,,,,,,,,
,,,,,,,,,,,,,
,,,,,,,,,,,,,
,,,,,,,,,,,,,
,,,,,,,,,,,,,
,,,,,,,,,,,,,
,,,,,,,,,,,,,
,,,,,,,,,,,,,
,,,,,,,,,,,,,
,,,,,,,,,,,,,
,,,,,,,,,,,,,
,,,,,,,,,,,,,
,,,,,,,,,,,,,
,,,,,,,,,,,,,
,,,,,,,,,,,,,
,,,,,,,,,,,,,
,,,,,,,,,,,,,
,,,,,,,,,,,,,
,,,,,,,,,,,,,
,,,,,,,,,,,,,
,,,,,,,,,,,,,
,,,,,,,,,,,,,
,,,,,,,,,,,,,
,,,,,,,,,,,,,
,,,,,,,,,,,,,
,,,,,,,,,,,,,
,,,,,,,,,,,,,
,,,,,,,,,,,,,
,,,,,,,,,,,,,
,,,,,,,,,,,,,
,,,,,,,,,,,,,
,,,,,,,,,,,,,
,,,,,,,,,,,,,
,,,,,,,,,,,,,
,,,,,,,,,,,,,
,,,,,,,,,,,,,
,,,,,,,,,,,,,
,,,,,,,,,,,,,
,,,,,,,,,,,,,
,,,,,,,,,,,,,
,,,,,,,,,,,,,
,,,,,,,,,,,,,
,,,,,,,,,,,,,
,,,,,,,,,,,,,
,,,,,,,,,,,,,
,,,,,,,,,,,,,
,,,,,,,,,,,,,
,,,,,,,,,,,,,
